Weather City,Country,Date,Latitude,Longitude,Maximum Temperature,Cloudiness,Wind Speed,Humidity
douentza,ML,1587251998,15,-2.95,84.24,91,2.21,21
boca do acre,IT,1587251998,45.68,8.41,57,61,0.25,76
flinders,AU,1587251998,-34.58,150.86,64,49,7,65
akureyri,IS,1587251998,65.68,-18.09,46.4,75,34.45,70
yarada,IN,1587251998,17.65,83.27,80.85,0,11.34,80
kavieng,PG,1587251837,-2.57,150.8,82.99,93,4.9,74
hamilton,US,1587251881,39.18,-84.53,54,1,9.17,40
carnarvon,AU,1587251999,-24.87,113.63,71.6,72,8.05,88
manokwari,ID,1587251999,-0.87,134.08,85.03,96,1.99,65
mataura,NZ,1587251999,-46.19,168.86,53.01,80,10,74
upernavik,GL,1587251999,72.79,-56.15,22.95,99,14.5,90
urumqi,CN,1587251999,43.8,87.6,53.6,63,4.47,58
busselton,AU,1587251999,-33.65,115.33,61,95,22.03,98
shar,KZ,1587251999,49.59,81.05,46.45,1,1.97,58
codrington,AU,1587252000,-38.27,141.97,56.52,53,10.31,72
rikitea,PF,1587252000,-23.12,-134.97,77.41,42,5.93,70
punta arenas,PH,1587252000,8.99,125.34,79.09,96,4.32,80
tuatapere,NZ,1587251838,-46.13,167.68,53.01,47,10,74
sur,OM,1587252000,22.57,59.53,81.27,19,8.14,55
beni suef,CD,1587252000,0.5,29.47,64.44,100,1.99,71
komsomolskiy,UZ,1587252001,40.43,71.72,55.4,4,6.93,58
lagos,NG,1587251730,6.58,3.75,84.2,40,4.7,83
tefe,BR,1587252001,-3.35,-64.71,75.65,92,0.76,95
mahebourg,MU,1587252001,-20.41,57.7,77,40,11.41,83
coihaique,CL,1587252001,-45.58,-72.07,44.6,90,5.82,93
vaini,TO,1587252001,-21.2,-175.2,80.6,40,12.75,74
ponta do sol,PT,1587252001,38.73,-28.27,58.77,100,14.83,84
burns lake,US,1587252001,43.59,-119.05,66.2,1,11.41,14
itoman,JP,1587252002,26.12,127.67,77,75,11.41,83
ushuaia,AR,1587252002,-54.8,-68.3,48.2,40,11.41,61
cabral,DO,1587252002,18.25,-71.22,78.04,13,4.09,67
lorengau,PG,1587252002,-2.02,147.27,84.83,10,2.62,69
georgetown,MY,1587252002,5.41,100.34,80.6,40,3.36,94
sao felix do xingu,IN,1587252002,20.51,76.21,81.41,30,3.51,25
cape town,CL,1587252002,-36.41,-71.9,69.8,20,6.93,68
zakupne,UA,1587252002,49.12,26.34,41,74,4.99,34
haines junction,US,1587252003,59.23,-135.44,55.4,1,8.05,50
port elizabeth,CD,1587252003,-7.03,29.76,73.72,98,3.42,60
litoral del san juan,BR,1587252003,-30.01,-50.16,68.05,0,13.65,81
kapaa,US,1587251833,22.08,-159.32,80.6,1,5.82,65
novaya igirma,RU,1587252003,55.92,38.33,35.6,79,4.47,89
muravlenko,RU,1587252003,63.79,74.52,40.12,100,17.65,88
albany,US,1587252003,42.6,-73.97,46,76,1.01,51
olinda,BR,1587252004,-8.01,-34.86,84.2,40,4.7,74
roald,NO,1587252004,62.58,6.13,41,7,9.17,93
ndioum,SN,1587252004,16.51,-14.65,75.2,29,6.93,53
bredasdorp,ZA,1587252004,-34.53,20.04,50,55,2.24,87
sacalum,MX,1587252004,20.48,-89.58,102.2,20,18.34,24
east london,IS,1587252004,65,-15,46.4,75,12.75,70
iqaluit,CA,1587252004,63.75,-68.51,3.2,20,6.93,71
nabire,ID,1587252069,-3.37,135.48,76.84,100,5.5,89
ancud,CL,1587251867,-41.87,-73.82,55.4,40,8.05,93
tura,IN,1587252070,25.52,90.22,65.77,12,1.36,79
honiara,SB,1587252070,-9.43,159.95,86,40,3.36,74
alpena,US,1587252070,45.06,-83.43,57.2,75,13.87,26
key west,US,1587252070,32.73,-101.8,75,90,16.11,46
hobart,AU,1587252070,-42.88,147.33,51.01,75,8.05,76
ojinaga,MX,1587252070,29.57,-104.42,93.2,1,10.29,9
zelenoborsk,RU,1587252071,61.47,64.03,35.55,93,10.8,91
xichang,CN,1587252071,27.9,102.26,62.85,16,1.14,37
kirando,TZ,1587252071,-7.42,30.6,74.43,94,10.38,60
port alfred,CD,1587252003,-7.03,29.76,73.72,98,3.42,60
barrow,US,1587251849,71.29,-156.79,6.8,1,11.41,71
puerto ayora,ES,1587252071,36.59,-6.23,62.6,42,8.05,82
trinidad,BO,1587252071,-14.83,-64.9,78.8,0,4.7,57
kamenka,RU,1587252071,51.32,42.77,36,0,1.01,83
nemuro,JP,1587252072,43.32,145.57,40.03,100,9.22,79
flin flon,FR,1587252072,48.5,6.66,51.8,36,2.24,93
nikolskoye,RU,1587252072,59.7,30.79,36,90,8.95,92
amberley,US,1587252072,39.2,-84.43,55,1,9.17,40
kirakira,SB,1587251856,-10.45,161.92,85.03,99,1.3,67
port lincoln,CD,1587252072,-7.03,29.76,73.72,98,3.42,60
chokurdakh,RU,1587252072,70.63,147.92,0.03,100,10.31,89
hobyo,SO,1587251873,5.35,48.53,83.7,89,10.13,74
exaplatanos,GR,1587252073,40.98,22.12,57.99,24,1.59,68
yellowknife,CA,1587252073,62.46,-114.35,26.6,90,10.29,86
asifabad,IN,1587252073,19.37,79.28,81.48,0,4.18,39
kabinda,CD,1587252073,-6.13,24.48,69.3,100,5.75,76
alyangula,AU,1587252073,-13.85,136.42,84.2,54,3.36,79
chongwe,ZM,1587252074,-15.33,28.68,62.6,22,3.36,88
uruguaiana,BR,1587252074,-29.75,-57.09,68,0,4.7,68
mandalgovi,MN,1587252074,45.76,106.27,30.34,60,28.92,49
port-de-bouc,FR,1587252074,43.4,4.98,59,97,5.82,87
harper,LR,1587251821,4.38,-7.72,80.13,100,9.17,84
constitucion,CL,1587252074,-35.33,-72.42,59.74,76,10,91
yokadouma,CM,1587252074,3.52,15.05,70.86,98,2.55,83
airai,TL,1587252074,-8.93,125.41,68.59,59,3.67,48
olkhovatka,RU,1587252075,50.28,39.29,37.35,18,4.52,73
lompoc,US,1587252075,34.64,-120.46,59,90,10.29,62
bluff,NZ,1587251973,-46.6,168.33,53.01,100,10,74
fortuna,US,1587252075,40.6,-124.16,57.99,90,4.7,76
mana,GF,1587252075,5.66,-53.78,78.55,80,7.87,87
pochutla,MX,1587252076,15.74,-96.47,87.01,20,17.22,66
hilo,US,1587252000,19.73,-155.09,82.4,20,11.41,58
mys shmidta,RU,1587252076,62.06,48.62,33.58,100,3.02,91
northam,GB,1587252076,51.03,-4.22,52,48,1.01,94
jamestown,US,1587252076,42.1,-79.24,46,1,10.29,41
langham,CA,1587252076,52.37,-106.97,35.6,40,13.87,55
bethel,US,1587252076,41.37,-73.41,41,73,5.86,84
pag,HR,1587252141,44.45,15.06,50,100,2.77,87
acarau,BR,1587251954,-2.89,-40.12,77,40,1.03,85
haicheng,CN,1587252067,40.85,122.75,58.82,100,4.9,39
nokaneng,BW,1587252142,-19.67,22.27,71.98,61,3.71,40
ishinomaki,JP,1587252142,38.42,141.3,50,75,23.04,66
qaanaaq,GL,1587252142,77.48,-69.36,21.69,100,19.26,88
grand river south east,US,1587252142,38.88,-109.5,66.2,40,16.11,22
guerrero negro,MX,1587252142,17.67,-100,86.07,37,3.83,25
lebu,CL,1587252142,-37.62,-73.65,54.84,51,2.13,91
atuona,PF,1587252143,-9.8,-139.03,82,95,17.6,75
santa marta,PH,1587252143,17.49,120.43,85.17,90,1.66,61
saint-augustin,CA,1587251872,51.23,-58.65,24.73,33,13.33,92
new norfolk,LR,1587252068,6.65,-10.59,78.8,75,3.15,94
caravelas,BR,1587252143,-17.71,-39.25,76.51,93,17.25,78
chuy,UY,1587252143,-33.7,-53.46,64.35,10,9.82,86
tiksi,RU,1587252143,71.69,128.87,10.29,68,3.94,85
ixtapa,MX,1587252144,20.7,-105.2,77,90,13.87,69
tilichiki,RU,1587252144,60.47,166.1,10.78,0,10.83,91
sao joao da barra,IN,1587252002,20.51,76.21,81.41,30,3.51,25
zambezi,ZM,1587252144,-13.54,23.1,64.71,89,4.88,64
katsuura,JP,1587252144,35.13,140.3,66,5,3,53
santa isabel do rio negro,PH,1587252144,17.49,120.43,85.17,90,1.66,61
axim,GH,1587252144,4.87,-2.24,80.76,30,7.87,85
tuktoyaktuk,CA,1587252145,69.45,-133.04,10.4,75,9.17,78
nacala,MZ,1587252145,-14.54,40.67,76.3,5,10.27,88
usinsk,RU,1587252145,65.99,57.53,29.62,99,3.74,98
bambous virieux,MU,1587252145,-20.26,57.41,77,40,11.41,83
port-gentil,GA,1587252145,-0.72,8.78,81.61,66,10.07,85
ngama,TD,1587252145,11.78,17.17,82.08,70,9.26,11
alofi,NU,1587252145,-19.06,-169.92,84.2,51,17.22,74
kyren,RU,1587252146,51.68,102.14,30.38,91,8.23,66
tastur,TN,1587252146,36.55,9.44,69.8,97,1.81,88
lensk,RU,1587252146,60.73,114.93,17.04,94,6.71,89
klaksvik,FO,1587252146,62.23,-6.59,41,0,11.41,80
tasiilaq,GL,1587252146,65.61,-37.64,32,99,13.87,95
narsaq,GL,1587252146,60.92,-46.05,30.2,93,1.12,50
severo-kurilsk,RU,1587252147,50.68,156.12,34.54,22,13.94,89
concordia sagittaria,AR,1587252147,-31.39,-58.02,72,0,1.99,59
cidreira,BR,1587251878,-30.18,-50.21,67.82,0,12.93,81
torbay,CA,1587252147,47.67,-52.73,34,20,13.87,91
mgandu,TZ,1587252147,-5.95,34.13,60.64,99,6.42,64
grenville,GD,1587252147,12.12,-61.62,80.6,20,9.17,78
ati,TD,1587252147,13.22,18.34,81.28,1,11.43,13
serenje,ZM,1587252148,-13.23,30.24,60.78,22,8.1,63
portobelo,PA,1587252148,9.55,-79.65,89.01,60,3,58
abu dhabi,IN,1587252148,24.6,72.7,63.82,69,1.99,41
husavik,IS,1587252148,66.04,-17.34,46.4,75,34.45,70
sokoto,NG,1587252148,13.06,5.24,83.77,4,6.38,11
palmer,US,1587252148,42.16,-72.33,42.01,90,4.7,75
geraldton,AU,1587252213,-28.77,114.6,68,40,4.7,88
kerepehi,NZ,1587252214,-37.3,175.53,71.01,71,13,66
khatanga,RU,1587252214,71.97,102.5,14.76,0,4.16,94
tahta,EG,1587251916,26.77,31.5,69.8,0,5.82,40
kondinskoye,RU,1587252214,59.65,67.41,36.95,33,10.76,82
norman wells,US,1587252202,35.22,-97.44,66.2,1,18.34,37
dikson,RU,1587252214,73.51,80.55,35.65,100,20.71,87
beringovskiy,RU,1587252214,63.05,179.32,21.25,100,16.64,97
czluchow,PL,1587252215,53.67,17.36,37,0,6.24,57
havre-saint-pierre,CA,1587252215,50.23,-63.6,32,1,10.29,93
dunedin,NZ,1587252215,-45.87,170.5,59,72,5.01,45
taltal,CL,1587251948,-25.4,-70.48,63.88,27,4.94,72
padang,ID,1587252215,-0.95,100.35,78.55,85,4.23,78
seydi,TM,1587252215,39.48,62.91,67.73,71,8.75,25
primorsk,UA,1587252215,46.73,36.34,47.91,69,7.4,53
araouane,ML,1587252215,18.9,-3.53,88.74,79,3.74,11
pevek,RU,1587252215,69.7,170.31,3.22,30,7.29,91
mayumba,GA,1587251943,-3.43,10.66,79.57,89,3.31,83
petropavlovsk-kamchatskiy,RU,1587252216,53.05,158.65,42.8,5,13.42,48
awbari,LY,1587252216,26.59,12.78,77.16,2,14.07,22
fort saint john,NL,1587252216,52.65,6.39,52,80,3,61
kudahuvadhoo,MV,1587252216,2.67,72.89,83.86,79,12.75,79
tautira,PF,1587252216,-17.73,-149.15,87.8,54,8.05,70
batticaloa,LK,1587252217,7.71,81.69,80.17,53,4.72,82
altay,CN,1587252217,47.87,88.12,46.08,89,4.18,36
wadi maliz,IN,1587252217,17.07,76.98,82.04,37,4.65,31
hirara,JP,1587252217,24.8,125.28,77,75,13.87,88
makakilo city,US,1587252019,21.35,-158.09,82.4,1,10.29,54
esperance,AU,1587252217,-33.87,121.9,59,100,14.99,93
bubaque,GW,1587252218,11.28,-15.83,80.8,94,18.34,61
deputatskiy,RU,1587252218,69.3,139.9,-0.53,76,2.59,75
port hedland,CD,1587252218,-7.03,29.76,73.72,98,3.42,60
hailun,CN,1587252218,47.45,126.93,61,100,22.03,29
ketchikan,US,1587252218,55.34,-131.65,57.2,1,16.11,58
pangkalanbuun,ID,1587252218,-2.68,111.62,78.62,89,3.15,90
kimbe,PG,1587252218,-5.55,150.14,89.06,46,1.72,59
muyezerskiy,RU,1587252218,63.93,31.65,31.66,100,9.15,91
tual,ID,1587252219,-5.67,132.75,84.04,98,8.05,75
gelemso,ET,1587252219,8.82,40.52,59.05,100,7.14,61
dina,CA,1587252219,52.93,-110.08,37.4,40,12.75,59
erenhot,CN,1587252219,43.65,111.98,44.96,76,7.65,60
mahon,ES,1587252219,39.89,4.27,62.6,100,2.24,93
bose,IT,1587252219,45.46,8.01,57.99,84,1.23,63
krasnoselkup,RU,1587252219,65.7,82.47,37.78,100,24.94,83
lavrentiya,RU,1587252220,65.58,-171,20.88,100,9.64,95
hambantota,LK,1587252220,6.12,81.12,80.44,24,5.95,83
kavaratti,IN,1587252220,10.57,72.64,83.97,3,6.67,73
terrace,CA,1587252220,54.52,-128.6,66.99,20,8.05,34
viedma,AR,1587252220,-40.81,-63,77.49,99,19.71,31
rodionovo-nesvetayskaya,RU,1587252285,47.61,39.71,39.2,97,2.24,48
saint-philippe,RE,1587252286,-21.36,55.77,77,40,12.75,78
saldanha,ZA,1587252286,-33.01,17.94,64.4,96,8.05,55
owando,CG,1587252286,-0.48,15.9,73.02,87,2.8,87
burgeo,CA,1587252286,47.62,-57.62,29.35,22,3,90
hyeres,FR,1587252286,43.12,6.12,57.99,99,1.12,93
talnakh,RU,1587252286,69.49,88.4,35.6,100,33.55,80
sabang,ID,1587252287,5.89,95.32,82.45,83,3.36,72
sitka,US,1587252170,57.05,-135.33,51.8,40,5.82,81
kieta,PG,1587252287,-6.22,155.63,85.6,65,0.92,64
bengkulu,ID,1587252287,-3.8,102.27,77.59,87,3.89,83
tagusao,PH,1587252287,9.19,117.81,84.36,23,4.94,66
puerto del rosario,ES,1587252071,36.59,-6.23,62.6,42,8.05,82
butaritari,KI,1587252287,3.07,172.79,83.34,88,17.34,77
castro,BR,1587252287,-24.79,-50.01,56.71,47,6.08,69
haveli,PK,1587252287,30.45,73.7,71.73,5,5.53,54
bara,NG,1587252288,10.37,10.73,83.55,86,4.07,12
severodvinsk,RU,1587252288,64.56,39.83,35.6,40,4.47,98
acapulco,MX,1587252057,16.86,-99.89,84.2,5,9.17,70
provideniya,RU,1587252288,64.38,-173.3,23.2,100,13.89,96
rosa zarate,IT,1587252288,45.93,12.87,54,39,1.83,64
suoyarvi,RU,1587252288,62.08,32.35,32.02,94,7.02,92
nador,MA,1587252288,35.17,-2.93,62.6,40,3.36,93
saurimo,AO,1587252289,-9.66,20.39,64.6,99,2.13,70
coquimbo,CL,1587252289,-29.95,-71.34,59,90,9.17,93
santa rosa,PH,1587252143,17.49,120.43,85.17,90,1.66,61
port blair,CD,1587252218,-7.03,29.76,73.72,98,3.42,60
realeza,BR,1587252289,-25.77,-53.53,60.66,0,1.99,68
hermanus,ZA,1587252289,-34.42,19.23,63,78,1.99,64
coron,PH,1587252290,12,120.2,84.58,5,17.65,74
sinnamary,GF,1587252290,5.38,-52.95,80.01,67,10.65,84
saint-pierre,RE,1587252290,-21.34,55.48,77,40,12.75,78
kaitangata,NZ,1587252290,-46.28,169.85,55.99,82,7,58
cayenne,GF,1587252206,4.93,-52.33,80.6,90,5.82,83
vostok,RU,1587252290,46.49,135.88,51.31,21,4.83,41
shizukuishi,JP,1587252290,39.68,140.98,55.4,40,23.04,66
moron,AR,1587252090,-34.65,-58.62,68,0,9.95,73
touros,BR,1587252290,-5.2,-35.46,80.6,75,2.24,88
saeby,DK,1587252291,57.33,10.52,33.01,0,7.96,80
arraial do cabo,BR,1587252291,-22.84,-46.65,66.2,55,17.22,72
wexford,IE,1587252242,52.33,-6.46,48,85,5.01,96
kismayo,SO,1587252291,-0.36,42.55,83.16,100,7.11,77
manggar,ID,1587252291,-2.88,108.27,81.86,98,1.66,78
ust-omchug,RU,1587252291,61.15,149.63,-1.53,100,11.63,77
aswan,EG,1587252043,24.09,32.91,73.4,3,12.75,23
kodiak,US,1587252229,57.79,-152.41,46.4,20,13.87,75
ganzhou,CN,1587252292,28.82,115.43,61.81,99,3.94,87
rayagada,IN,1587252292,19.17,83.42,76.64,0,1.28,69
hithadhoo,MV,1587252292,-0.6,73.08,83.93,79,11.03,73
nichinan,JP,1587252292,31.6,131.37,59,61,3.36,72
tecpan,GT,1587252357,14.76,-90.99,77,5,11.41,65
orje,NO,1587252357,59.48,11.66,39.2,0,6.93,60
vila velha,PT,1587252357,42.03,-8.16,50,90,2.24,93
jiangyou,CN,1587252357,31.77,104.72,62.06,26,0.78,60
myanaung,MM,1587252358,18.28,95.32,74.01,0,2.57,57
kruisfontein,ZA,1587252358,-34,24.73,65.39,0,6.62,36
mizur,RU,1587252358,42.85,44.05,39.2,96,8.95,86
san quintin,ML,1587252358,13.3,-4.9,94.12,99,8.41,21
bindi,SL,1587252358,9.92,-11.45,76.84,99,8.08,69
puerto colombia,ES,1587252071,36.59,-6.23,62.6,42,8.05,82
birao,CF,1587252358,10.28,22.79,76.93,90,1.74,14
manavalakurichi,IN,1587252359,8.13,77.3,82.4,40,5.82,83
karratha,AU,1587252359,-20.74,116.85,84.7,89,7.85,49
buraydah,SA,1587252099,26.33,43.98,64.4,93,13.87,93
kahului,US,1587252066,20.89,-156.47,84.2,20,16.11,51
grand-lahou,CI,1587252359,5.14,-5.02,81.39,82,11.7,84
tamiahua,MX,1587252359,21.27,-97.45,81.68,50,8.79,85
cherskiy,RU,1587252359,68.75,161.3,7.32,22,8.97,88
saint-georges,GD,1587252359,12.06,-61.75,80.6,20,9.17,78
esmeralda,CU,1587252360,21.85,-78.12,79.92,10,5.77,67
avera,US,1587252360,33.19,-82.53,75.2,1,10.29,29
colorado,BR,1587252360,-22.84,-51.97,63.41,0,5.64,73
salina,US,1587252087,38.84,-97.61,66.2,1,17.22,29
perth,AU,1587252334,-31.93,115.83,69.01,75,20.8,72
muroto,JP,1587252360,33.28,134.15,60.8,75,16.11,51
hillsborough,US,1587252202,37.57,-122.38,66,40,14.99,55
cayeli,TR,1587252360,41.09,40.73,54.14,82,2.33,68
inhambane,MZ,1587252361,-23.86,35.38,74.21,35,13.18,78
kangaatsiaq,GL,1587252361,68.31,-53.46,24.71,97,9.15,95
alekseyevsk,RU,1587252361,57.84,108.35,21.11,88,9.55,86
mineral wells,US,1587252361,39.4,-78.95,48.2,40,13.87,39
bethanien,NA,1587252361,-26.5,17.16,64.78,0,0.87,19
fereydun kenar,IR,1587252361,34.37,46.92,44.6,40,0.07,87
pisco,PE,1587252320,-13.7,-76.22,70,17,18.34,73
iisalmi,FI,1587252361,63.56,27.19,35.6,22,12.75,69
leningradskiy,RU,1587252362,69.38,178.42,5.61,4,8.75,88
matagami,CA,1587252362,49.75,-77.63,42.8,90,10.29,41
norsup,VU,1587252362,-16.07,167.38,82.4,40,6.93,83
nehe,CN,1587252362,48.48,124.83,61.66,100,22.1,27
karwar,IN,1587252362,14.8,74.13,81.03,67,1.48,83
port hardy,CD,1587252307,-7.03,29.76,73.72,98,3.42,60
itaqui,BR,1587252362,-29.13,-56.55,65.16,0,9.06,66
emerald,AU,1587252363,-23.53,148.17,80.6,40,9.17,65
ahipara,NZ,1587252363,-35.17,173.17,67.3,91,9.64,74
upata,VE,1587252363,8.01,-62.4,81.45,80,8.61,45
wanxian,CN,1587252363,30.8,108.39,62.94,31,2.77,70
price,US,1587252363,39.6,-110.81,57,40,21.92,43
cabo san lucas,BR,1587252363,-8.28,-35.03,84.2,40,4.7,74
clyde river,US,1587252363,41.3,-82.98,53.01,22,5.01,46
namatanai,PG,1587252363,-3.67,152.43,83.53,96,6.33,74
barsi,IN,1587252429,18.23,75.7,84,52,8.79,27
ligourion,GR,1587252429,37.62,23.03,55.4,1,3,76
surt,LY,1587252429,31.21,16.59,62.04,42,10.92,69
loukhi,RU,1587252429,66.08,33.04,25.02,59,5.37,97
bathsheba,BB,1587252429,13.22,-59.52,80.6,20,16.11,69
anklam,DE,1587252429,53.86,13.69,43,16,1.01,74
sept-iles,CA,1587252220,50.2,-66.38,33.01,75,10.29,80
maryborough,AU,1587252430,-25.53,152.7,75,89,4,84
nanortalik,GL,1587252430,60.14,-45.24,28.76,89,5.21,92
morgan city,US,1587252430,39.72,-90.22,60.01,1,16.11,62
khao yoi,TH,1587252430,12.36,102.44,80.11,21,1.63,83
anisoc,GQ,1587252430,1.87,10.77,70.52,58,2.13,84
labuhan,ID,1587252354,-6.88,112.21,80.65,82,3.74,82
gbadolite,CD,1587252431,4.28,21.02,71.6,63,3.74,82
saskylakh,RU,1587252431,71.92,114.08,14.07,0,5.01,85
tambura,SS,1587252431,5.6,27.47,70.88,89,4.09,71
asfi,MA,1587252431,32.3,-9.24,61.75,32,5.26,81
tutoia,BR,1587252431,-2.76,-42.27,78.96,100,4.54,83
raudeberg,NO,1587252432,61.99,5.14,41,2,6.93,80
nantucket,US,1587252397,41.28,-70.1,39.99,90,26.4,93
khash,IR,1587252433,28.22,61.22,63.82,95,1.21,35
daniel flores,NG,1587252433,7.87,10.97,80.87,92,2.08,64
itarema,BR,1587252433,-2.92,-39.92,77.56,31,1.52,83
inirida,CO,1587252433,3.87,-67.92,74.12,100,0.96,95
yulara,AU,1587252433,-25.24,130.99,69.8,22,9.17,37
san pedro de uraba,ML,1587252433,13.3,-4.9,94.12,99,8.41,21
san vicente,ML,1587252358,13.3,-4.9,94.12,99,8.41,21
ibia,BR,1587252433,-19.48,-46.54,71.6,100,9.17,78
severnyy,RU,1587252434,50.68,36.55,37.4,2,2.24,55
ilulissat,GL,1587252435,69.22,-51.1,23,100,8.05,85
bonnyville,CA,1587252435,54.27,-110.73,44.6,75,14.99,42
aklavik,CA,1587252435,68.22,-135.01,24.8,90,6.93,79
alta floresta,NO,1587252435,69.97,23.27,35.6,100,4.7,88
fuyu,CN,1587252435,45.18,124.82,62.62,100,18.84,27
avarua,CK,1587252435,-21.21,-159.78,82.4,70,5.82,69
okhotsk,RU,1587252435,59.38,143.3,15.06,0,13.6,84
sao filipe,IN,1587252436,20.51,76.21,81.41,30,3.51,25
poronaysk,RU,1587252436,49.22,143.12,33.75,89,6.89,89
lake charles,US,1587252367,42.33,-88,57.2,1,25.28,58
malakal,SS,1587252436,9.53,31.66,84.29,91,4.59,12
victoria,HK,1587252193,22.29,114.16,75,43,4,88
ahuimanu,US,1587252222,21.44,-157.84,84.2,40,8.05,51
savannakhet,LA,1587252437,16.57,104.75,83.32,68,2.66,54
brae,GB,1587252438,60.4,-1.35,42.8,0,8.05,86
palu,ID,1587252438,-0.89,119.87,83.07,87,2.21,66
faanui,PF,1587252439,-16.48,-151.75,82.78,25,10.63,74
san francisco,ML,1587252434,13.3,-4.9,94.12,99,8.41,21
acari,PE,1587252504,-15.43,-74.62,73.49,9,3.11,61
osorio,BR,1587252504,-29.89,-50.27,66,4,9.75,81
grand gaube,US,1587252504,38.88,-109.5,66.2,40,16.11,22
san jeronimo,ML,1587252358,13.3,-4.9,94.12,99,8.41,21
kawalu,ID,1587252504,-7.38,108.21,75.07,100,2.19,74
zhigansk,RU,1587252504,66.77,123.37,6.84,78,12.3,93
mayo,US,1587252228,38.89,-76.51,52,1,8.1,43
kholodnyy,RU,1587252505,62.72,147.95,0.36,100,8.19,77
pangnirtung,CA,1587252505,66.15,-65.71,3.31,97,4.18,85
sanica,BA,1587252505,44.61,16.64,55.4,99,5.82,71
sovetskiy,RU,1587252505,61.36,63.58,36.23,94,10.36,91
arrecife,ES,1587252505,28.96,-13.55,64.4,20,10.29,72
puri,IN,1587252505,19.8,85.85,75.2,40,14.63,88
evensk,RU,1587252506,61.95,159.23,18.86,100,11.7,88
marandahalli,IN,1587252506,12.4,78,72.45,0,0.69,70
pareora,NZ,1587252506,-44.49,171.21,60.01,12,11.99,44
cascais,PT,1587252506,38.7,-9.42,59,2,13.51,87
naze,JP,1587252506,28.37,129.48,71.6,75,11.41,88
seymchan,RU,1587252506,62.88,152.43,3.47,100,13.76,85
shenjiamen,CN,1587252506,29.96,122.3,60.33,100,15.3,97
coahuayana,MX,1587252506,18.73,-103.68,86,20,11.41,45
eyemouth,GB,1587252450,55.87,-2.09,35.01,0,6.31,91
beian,NO,1587252507,63.66,9.57,42.8,75,5.82,93
puerto penasco,ES,1587252507,36.59,-6.23,62.6,42,8.05,82
kaduqli,SD,1587252507,11.02,29.72,76.59,65,5.55,15
quelimane,MZ,1587252507,-17.88,36.89,78.8,75,6.93,88
griffith,US,1587252507,41.53,-87.42,57.2,1,23.04,43
madang,PG,1587252507,-5.22,145.8,81.19,100,3.51,77
maningrida,AU,1587252508,-12.07,134.27,81.03,100,4.94,73
athabasca,CA,1587252508,54.72,-113.29,43.59,35,7.36,50
mogwase,ZA,1587252508,-25.18,27.27,63.68,0,1.16,38
peru,US,1587252508,40.75,-86.07,54,1,17.22,62
valparaiso,CL,1587252508,-33.04,-71.63,71.6,83,13.87,68
ostrovnoy,RU,1587252508,68.05,39.51,31.75,98,9.89,98
aksarka,RU,1587252508,66.56,67.8,32.41,100,4.74,96
bumba,CD,1587252509,2.18,22.47,70.48,92,1.34,83
okato,NZ,1587252509,-39.2,173.88,64,79,7,66
keti bandar,AM,1587252509,40.87,43.84,48.2,40,9.17,57
saint-joseph,RE,1587252509,-21.37,55.62,77,40,12.75,78
disa,IN,1587252509,24.25,72.17,77.61,78,7.63,47
bratsk,RU,1587252509,56.13,101.61,23,0,4.47,45
leua,SK,1587252509,48.22,18.61,50,100,2.24,61
kyaikkami,MM,1587252509,16.08,97.57,78.87,5,4.88,69
houma,US,1587252510,29.6,-90.72,72,90,5.75,88
sao francisco,IN,1587252510,20.51,76.21,81.41,30,3.51,25
isangel,VU,1587252510,-19.55,169.27,80.6,75,6.93,78
laguna,US,1587252510,38.42,-121.42,69.01,1,13.87,45
siocon,PH,1587252575,7.71,122.14,83.25,5,10.94,74
teya,RU,1587252576,60.38,92.63,29.59,37,3.31,93
malchevskaya,RU,1587252576,49.06,40.36,40.06,71,3.74,61
sioux lookout,US,1587252576,42.73,-96.23,69.8,16,24.16,22
hasaki,JP,1587252576,35.73,140.83,63,20,10.29,55
koltsovo,RU,1587252576,54.94,83.18,32,1,2.24,75
coihueco,CL,1587252576,-36.62,-71.83,69.8,20,6.93,68
seoul,KR,1587252423,37.57,126.98,59,90,3.36,67
sobolevo,RU,1587252576,54.43,31.9,34.38,94,8.84,82
qasigiannguit,GL,1587252576,68.82,-51.19,23,95,8.05,85
soplaviento,CO,1587252577,10.39,-75.14,84.2,40,14.99,74
yaan,NG,1587252577,7.38,8.57,81.46,89,11.43,69
toora-khem,RU,1587252577,52.47,96.11,33.3,0,1.52,59
daru,PG,1587252577,-9.08,143.21,84.15,47,7.81,73
nara,JP,1587252577,34.69,135.8,59,75,12.75,62
xining,CN,1587252577,36.62,101.77,45.3,100,2.59,26
salgueiro,BR,1587252577,-8.07,-39.12,74.1,100,9.26,78
skjervoy,NO,1587252577,70.03,20.97,39.15,100,13.98,92
minsk,BY,1587252530,53.9,27.57,35.6,80,6.71,64
kaeo,NZ,1587252578,-35.1,173.78,66,91,3,92
portland,US,1587252299,45.52,-122.68,54,90,5.82,76
locri,IT,1587252578,38.24,16.26,61,67,4,70
thompson,CA,1587252424,55.74,-97.86,17.6,20,14.99,37
moen,NO,1587252578,69.13,18.61,39.2,100,28.86,86
eganville,CA,1587252578,45.53,-77.1,48.2,20,13.87,31
port macquarie,CD,1587252307,-7.03,29.76,73.72,98,3.42,60
polis,CY,1587252578,35.04,32.43,51.8,95,3.36,71
sechura,PE,1587252578,-5.56,-80.82,75.92,0,14.52,69
lata,PT,1587252579,40.16,-8.33,57,23,1.01,92
kendari,ID,1587252579,-3.94,122.5,80.46,96,2.19,87
creel,MX,1587252579,27.75,-107.63,58.98,0,20.38,14
salalah,OM,1587252579,17.02,54.09,82.4,40,4.7,69
egvekinot,RU,1587252579,66.32,-179.17,8.58,100,20.69,89
aden,YE,1587252435,12.78,45.04,82.36,30,14.12,77
kjollefjord,NO,1587252579,70.95,27.35,35.01,58,4.74,89
mailsi,PK,1587252579,29.8,72.18,73.33,57,5.28,47
moranbah,AU,1587252580,-22,148.05,85.23,4,14.29,43
luderitz,NA,1587252580,-26.65,15.16,59,4,9.17,93
queenstown,ZA,1587252580,-31.9,26.88,50.31,0,1.77,43
chernyshevskiy,RU,1587252580,63.01,112.47,12.79,55,7.45,89
santa isabel,PH,1587252580,17.49,120.43,85.17,90,1.66,61
keskin,TR,1587252580,39.67,33.61,53.01,11,2.93,51
pacific grove,US,1587252580,38.48,-90.74,64.99,3,1.99,33
ferrol,ES,1587252546,43.48,-8.24,55.99,95,1.99,91
srednekolymsk,RU,1587252581,67.45,153.68,2.23,81,11.12,89
san patricio,ML,1587252433,13.3,-4.9,94.12,99,8.41,21
springside,GB,1587252581,55.62,-4.6,41,0,10.29,80
jalu,LY,1587252581,29.03,21.55,65.77,0,9.13,38
irbit,RU,1587252581,57.67,63.07,34.81,0,7.7,85
mitu,CO,1587252581,1.2,-70.17,72.03,93,2.26,90
chulym,RU,1587252646,55.1,80.96,39.04,36,6.49,79
lac du bonnet,AL,1587252646,41.64,19.71,48.2,70,3.36,93
gijon,ES,1587252399,43.54,-5.66,57,82,2.19,94
buala,SB,1587252647,-8.14,159.59,83.89,72,2.86,71
lakes entrance,US,1587252647,61.61,-149.31,57.2,75,5.82,50
trairi,BR,1587252647,-3.28,-39.27,79.11,32,2.44,81
buzmeyin,TM,1587252647,38.05,58.21,55.4,2,4.7,82
tyup,KG,1587252647,42.73,78.36,41.76,6,3.85,29
alekseyevka,RU,1587252648,50.63,38.69,36.79,3,5.37,75
moerai,PF,1587252648,-22.43,-151.33,81.19,35,6.42,73
chapleau,CA,1587252648,47.84,-83.4,42.8,90,17.22,56
colomiers,FR,1587252648,43.62,1.35,59,75,10.29,87
markova,UA,1587252648,48.68,24.41,36.1,46,0.51,65
hofn,IS,1587252649,64.25,-15.21,45.46,99,14.67,88
hovd,MN,1587252649,48.01,91.64,34.7,1,3.38,40
arvika,SE,1587252649,59.66,12.59,39,0,8.05,69
lengshuitan,CN,1587252649,26.41,111.6,63.54,99,5.97,85
jarvakandi,EE,1587252649,58.78,24.83,37.99,63,1.99,69
ambon,ID,1587252650,-3.7,128.18,82.4,40,1.12,83
tombouctou,ML,1587252650,20,-3,83.05,90,23.6,34
luganville,VU,1587252650,-15.53,167.17,82.4,40,6.93,83
ust-ilimsk,RU,1587252650,58,102.66,21.65,0,7.65,84
campbell river,US,1587252650,38.95,-84.38,54,1,9.17,40
killybegs,IE,1587252650,54.63,-8.45,46.99,58,7,82
tabou,CI,1587252650,4.42,-7.35,79.34,100,7.83,86
gizo,SB,1587252651,-8.1,156.84,86.07,44,2.35,65
puerto rico,ES,1587252651,36.59,-6.23,62.6,42,8.05,82
guarapari,BR,1587252651,-20.67,-40.5,75.2,75,10.29,78
luau,AO,1587252651,-10.71,22.22,65.28,89,3.71,70
epe,NG,1587252651,6.58,3.98,80.37,55,6.15,86
san cristobal,ML,1587252434,13.3,-4.9,94.12,99,8.41,21
alice springs,US,1587252652,27.75,-98.07,68,90,8.05,88
ueno,JP,1587252652,34.75,136.13,57,81,1.99,85
sidi ali,CF,1587252652,5.08,19.88,73.9,50,3.96,78
omboue,GA,1587252652,-1.57,9.26,79.25,96,4.54,87
beloha,MG,1587252652,-25.17,45.05,70.66,6,12.28,83
teahupoo,PF,1587252652,-17.83,-149.27,87.8,54,8.05,70
kartaly,RU,1587252652,53.05,60.65,37.26,77,7.65,79
challapata,BO,1587252653,-18.9,-66.77,47.14,31,3.83,19
lazaro cardenas,DO,1587252653,19.46,-71.33,82,42,1.01,75
raton,US,1587252653,36.9,-104.44,66.2,20,21.92,9
orocue,CO,1587252653,4.79,-71.34,78.8,71,9.33,73
bolobo,CD,1587252653,-2.17,16.23,73,100,5.73,86
irawan,PH,1587252653,9.8,118.69,80.6,20,6.93,74
iranshahr,IR,1587252542,27.2,60.68,78.03,100,2.62,31
kurumkan,RU,1587252654,54.3,110.3,25.65,100,2.91,75
gigmoto,PH,1587252654,13.78,124.39,82.08,83,13.62,77
nishihara,JP,1587252654,26.18,127.76,77,75,11.41,83
khromtau,KZ,1587252654,50.25,58.43,41.36,96,0.92,67
berezovka,BY,1587252654,53.72,25.5,32.23,33,7.36,90
paamiut,GL,1587252719,61.99,-49.67,26.33,100,16.58,93
petropavl,KZ,1587252720,54.88,69.16,50.54,100,10.07,68
rio grande,GR,1587252720,38.3,21.78,51.8,34,2.01,93
port-cartier,CA,1587252720,50.03,-66.87,33.01,75,10.29,80
kiunga,PG,1587252720,-6.12,141.29,78.48,99,0.47,88
noshiro,JP,1587252720,40.2,140.02,55.4,75,12.75,75
bonthe,SL,1587252720,7.53,-12.51,79.56,69,10.22,80
altea,ES,1587252720,38.6,-0.05,59,100,7,96
kussnacht,CH,1587252720,47.09,8.44,57.2,20,2.24,76
georgiyevka,KZ,1587252721,43.04,74.71,46.4,0,4.47,75
pokrovsk,UA,1587252721,48.28,37.18,42.26,100,0.4,57
nizhniy kuranakh,RU,1587252721,45.39,39.24,50,92,4.47,76
mastic beach,US,1587252721,40.8,-72.84,44.6,90,10.29,65
bardiyah,LY,1587252722,31.76,25.09,57.78,0,4.23,80
adet,ET,1587252722,11.26,37.49,63.32,93,4.43,17
cabinda,AO,1587252722,-5.55,12.2,78.69,99,2.33,80
skibbereen,IE,1587252722,51.55,-9.27,46.4,90,16.11,93
chontalpa,MX,1587252722,17.7,-93.52,91.26,24,5.97,51
ugoofaaru,MV,1587252722,5.67,73,85.66,11,11.03,75
ust-maya,RU,1587252722,60.42,134.53,16.95,99,2.68,88
lagoa,PT,1587252706,39.05,-27.98,62.22,100,17.72,84
micheweni,TZ,1587252723,-4.97,39.83,79.32,100,20.69,89
vestmannaeyjar,IS,1587252723,63.44,-20.27,45.41,100,14.79,93
souillac,MU,1587252723,-20.52,57.52,77,40,11.41,83
novyy urgal,RU,1587252723,45.01,38.98,50,92,4.47,76
parabel,RU,1587252723,58.7,81.48,38.93,95,12.08,79
bend,US,1587252559,44.06,-121.32,52,99,1.99,28
ola,RU,1587252723,59.58,151.28,12.81,100,12.71,85
poum,NC,1587252724,-20.23,164.02,78.94,52,12.77,75
barreirinhas,BR,1587252724,-2.75,-42.83,78.71,100,4.56,82
ferkessedougou,CI,1587252724,9.6,-5.2,82.42,64,9.71,61
capela,BR,1587252724,-10.5,-37.05,78.8,40,3.36,88
krasnozerskoye,RU,1587252724,53.98,79.24,42.22,29,6.85,80
churapcha,RU,1587252724,62,132.43,12.7,0,6.73,84
aykhal,RU,1587252724,66,111.5,10.4,1,4.47,43
moroni,KM,1587252724,-11.7,43.26,81.48,80,14.5,78
shingu,JP,1587252725,33.73,135.98,59,40,17.22,58
nouadhibou,MR,1587252725,20.93,-17.03,68,0,13.87,77
longyearbyen,SJ,1587252725,78.22,15.64,28.4,20,2.24,92
kuching,MY,1587252725,1.55,110.33,75.2,40,2.24,94
galveston,US,1587252595,29.37,-94.97,73,100,3,92
sistranda,NO,1587252725,63.73,8.83,42.8,75,5.82,93
phan rang,TH,1587252725,19.55,99.74,77,24,2.24,83
wanning,CN,1587252725,18.8,110.4,77.97,3,9.53,84
tommot,RU,1587252726,58.96,126.29,17.26,62,5.3,85
camacha,PT,1587252726,33.08,-16.33,62.6,20,10.29,72
altamont,US,1587252726,42.21,-121.74,61,75,12.75,29
doha,QA,1587252705,25.29,51.53,75.99,71,4.7,83
kita,ML,1587252726,13.03,-9.49,89.91,72,11.12,18
bilibino,RU,1587252726,68.05,166.44,7.97,71,5.64,79
wasilla,US,1587252791,61.58,-149.44,57.2,90,3.36,66
mount isa,GB,1587252791,53.66,-1.85,45,94,1.01,93
lidkoping,SE,1587252792,58.51,13.16,41,0,6.93,65
verkhnyaya toyma,RU,1587252792,60.98,40.21,24.66,53,3.06,97
curvelo,BR,1587252694,-18.76,-44.43,68.76,90,5.86,75
inyonga,TZ,1587252792,-6.72,32.07,64.36,99,3.51,68
darnah,LY,1587252792,32.77,22.64,59,0,9.98,69
kidal,ML,1587252792,18.44,1.41,85.98,4,8.21,11
vila franca do campo,PT,1587252792,42.03,-8.16,50,90,2.24,93
deloraine,AU,1587252793,-41.53,146.67,52,57,1.01,78
sao jose da coroa grande,IN,1587252793,20.51,76.21,81.41,30,3.51,25
lahore,PK,1587252628,31.55,74.34,68,20,5.82,72
fukue,JP,1587252793,32.69,128.84,57.2,75,6.93,76
high prairie,US,1587252793,33.61,-95.75,66.2,75,8.05,55
